student_id,subject,grade_2019,grade_2020,grade_2021,grade_2022,grade_2023
1,cgpa,3.6804123711340204,4.067484662576686,3.8208333333333337,3.9098360655737703,3.9221052631578948
2,cgpa,4.162886597938144,3.9120654396728014,3.8625000000000003,4.188524590163934,4.086315789473684
3,cgpa,3.8041237113402064,3.413087934560327,3.9125,4.0409836065573765,3.8421052631578942
4,cgpa,3.2268041237113403,3.6584867075664618,3.7375000000000003,3.6147540983606556,3.606315789473684
5,cgpa,3.927835051546392,3.413087934560327,3.95,4.10655737704918,3.9010526315789473
6,cgpa,3.2927835051546395,3.507157464212679,3.3958333333333335,3.9139344262295084,3.572631578947368
7,cgpa,3.927835051546392,4.108384458077709,4.654166666666667,4.270491803278688,4.301052631578948
8,cgpa,3.8,4.1329243353783225,4.237500000000001,4.557377049180328,4.242105263157894
9,cgpa,3.845360824742268,4.2801635991820035,4.004166666666666,3.954918032786885,4.077894736842105
10,cgpa,4.628865979381443,4.640081799591002,4.370833333333334,4.188524590163934,4.524210526315789
11,cgpa,4.752577319587628,4.599182004089979,4.275,4.286885245901639,4.545263157894737
12,cgpa,4.760824742268041,4.599182004089979,4.7875000000000005,4.688524590163934,4.781052631578946
13,cgpa,3.527835051546392,3.81799591002045,4.237500000000001,3.6393442622950816,3.854736842105263
14,cgpa,3.9855670103092784,4.231083844580777,4.275,4.434426229508197,4.292631578947368
15,cgpa,4.216494845360825,4.231083844580777,3.970833333333333,3.9139344262295084,4.1410526315789475
16,cgpa,3.8,3.871165644171779,3.9541666666666666,4.51639344262295,4.090526315789473
17,cgpa,4.216494845360825,4.182004089979549,4.654166666666667,3.9139344262295084,4.301052631578948
18,cgpa,4.628865979381443,3.957055214723926,4.791666666666667,4.454918032786885,4.52
19,cgpa,4.463917525773196,4.476482617586911,4.654166666666667,4.590163934426229,4.612631578947369
20,cgpa,4.051546391752577,3.9284253578732105,4.0,4.434426229508197,4.162105263157894
21,cgpa,4.876288659793814,4.591002044989775,4.804166666666667,4.635245901639344,4.797894736842105
22,cgpa,3.9402061855670105,3.9161554192229038,4.3875,4.364754098360655,4.208421052631579
23,cgpa,4.628865979381443,4.775051124744376,4.6875,4.221311475409836,4.646315789473684
24,cgpa,4.175257731958762,4.325153374233128,4.487500000000001,4.135245901639344,4.3431578947368426
25,cgpa,4.1340206185567006,3.9284253578732105,4.237500000000001,4.434426229508197,4.242105263157894
26,cgpa,4.876288659793814,4.844580777096114,4.791666666666667,4.823770491803278,4.907368421052631
27,cgpa,4.6701030927835046,4.456032719836401,4.6875,4.7336065573770485,4.705263157894736
28,cgpa,4.216494845360825,4.026584867075664,4.195833333333333,4.315573770491803,4.246315789473684
29,cgpa,3.6556701030927834,3.646216768916155,3.9583333333333335,4.434426229508197,3.9768421052631577
30,cgpa,3.9525773195876286,4.108384458077709,3.9583333333333335,4.270491803278688,4.1284210526315785
31,cgpa,4.125773195876288,4.108384458077709,4.329166666666667,4.368852459016393,4.292631578947368
32,cgpa,3.8041237113402064,3.6175869120654394,3.6791666666666667,3.9139344262295084,3.804210526315789
33,cgpa,3.845360824742268,3.81799591002045,4.283333333333333,4.434426229508197,4.153684210526316
34,cgpa,4.249484536082474,4.226993865030674,4.508333333333334,4.569672131147541,4.4526315789473685
35,cgpa,3.841237113402062,3.822085889570552,4.329166666666667,4.024590163934426,4.056842105263158
36,cgpa,4.294845360824742,4.496932515337423,4.466666666666667,4.6516393442622945,4.545263157894737
37,cgpa,4.488659793814433,4.006134969325153,4.5125,4.188524590163934,4.359999999999999
38,cgpa,4.661855670103093,4.730061349693251,4.8291666666666675,4.7336065573770485,4.810526315789473
39,cgpa,3.936082474226804,4.3537832310838445,4.1125,4.80327868852459,4.364210526315789
40,cgpa,3.54020618556701,3.9161554192229038,4.370833333333334,4.778688524590163,4.208421052631579
41,cgpa,3.9525773195876286,3.5521472392638036,4.375,4.225409836065573,4.082105263157894
42,cgpa,4.051546391752577,4.321063394683026,3.970833333333333,4.631147540983607,4.305263157894737
43,cgpa,4.463917525773196,4.599182004089979,4.420833333333333,4.475409836065573,4.557894736842105
44,cgpa,4.6701030927835046,4.591002044989775,4.466666666666667,4.7336065573770485,4.684210526315789
45,cgpa,4.876288659793814,4.734151329243353,4.645833333333334,4.598360655737705,4.785263157894737
46,cgpa,3.754639175257732,3.9979550102249486,4.25,4.278688524590163,4.1284210526315785
47,cgpa,3.6639175257731957,3.9161554192229038,4.050000000000001,4.360655737704918,4.052631578947368
48,cgpa,4.175257731958762,4.271983640081799,4.420833333333333,4.598360655737705,4.43157894736842
49,cgpa,4.25360824742268,4.435582822085889,4.275,4.721311475409835,4.486315789473684
50,cgpa,3.7463917525773196,3.903885480572597,4.487500000000001,4.659836065573771,4.258947368421053
51,cgpa,4.48041237113402,4.546012269938649,4.654166666666667,4.635245901639344,4.646315789473684
52,cgpa,4.620618556701031,4.599182004089979,4.595833333333333,3.926229508196721,4.498947368421052
53,cgpa,3.4247422680412374,3.4539877300613493,3.4375000000000004,3.6311475409836063,3.5305263157894737
54,cgpa,3.2515463917525773,3.5030674846625764,4.145833333333334,4.1803278688524586,3.8210526315789473
55,cgpa,4.121649484536082,4.222903885480572,4.3625,4.774590163934426,4.435789473684211
56,cgpa,3.334020618556701,3.351738241308793,3.7125,3.8155737704918034,3.597894736842105
57,cgpa,3.4329896907216497,3.6175869120654394,3.3000000000000003,3.8114754098360657,3.5852631578947367
58,cgpa,3.6639175257731957,3.822085889570552,3.970833333333333,4.004098360655737,3.917894736842105
59,cgpa,4.3525773195876285,3.903885480572597,4.445833333333334,3.9590163934426226,4.221052631578948
60,cgpa,4.030927835051546,4.231083844580777,4.237500000000001,4.15983606557377,4.225263157894736
61,cgpa,4.896907216494846,4.762781186094069,4.7875000000000005,4.8442622950819665,4.894736842105264
62,cgpa,3.9443298969072167,4.0920245398773005,4.283333333333333,4.495901639344262,4.263157894736842
63,cgpa,4.397938144329896,4.456032719836401,4.237500000000001,4.1803278688524586,4.381052631578948
64,cgpa,4.901030927835052,4.640081799591002,4.791666666666667,4.51639344262295,4.781052631578946
65,cgpa,3.5731958762886595,3.907975460122699,3.6958333333333333,3.6967213114754096,3.766315789473684
66,cgpa,3.9855670103092784,4.026584867075664,4.195833333333333,4.10655737704918,4.136842105263158
67,cgpa,4.435051546391752,4.435582822085889,4.504166666666666,4.323770491803279,4.490526315789474
68,cgpa,4.847422680412371,4.844580777096114,4.466666666666667,4.549180327868852,4.747368421052631
69,cgpa,4.847422680412371,4.860940695296523,4.791666666666667,4.877049180327869,4.92
70,cgpa,4.435051546391752,4.517382413087934,4.487500000000001,4.323770491803279,4.5073684210526315
71,cgpa,3.977319587628866,4.051124744376278,4.154166666666667,4.221311475409836,4.157894736842104
72,cgpa,3.927835051546392,3.9447852760736195,4.1125,3.995901639344262,4.0484210526315785
73,cgpa,3.2061855670103094,3.098159509202454,3.404166666666667,3.5,3.3410526315789473
74,cgpa,3.6103092783505155,3.7321063394683027,3.8666666666666667,4.049180327868852,3.8673684210526313
75,cgpa,4.806185567010309,4.779141104294478,4.654166666666667,4.5409836065573765,4.7642105263157895
76,cgpa,3.618556701030928,3.7730061349693247,3.9583333333333335,3.9590163934426226,3.88
77,cgpa,4.212371134020618,4.108384458077709,4.375,4.184426229508196,4.279999999999999
78,cgpa,4.810309278350515,4.844580777096114,4.791666666666667,4.688524590163934,4.8568421052631585
79,cgpa,3.5731958762886595,3.9161554192229038,3.4458333333333333,3.5040983606557377,3.656842105263158
80,cgpa,4.764948453608247,4.779141104294478,4.654166666666667,4.60655737704918,4.772631578947368
81,cgpa,3.160824742268041,3.3721881390593045,3.5708333333333333,3.7377049180327866,3.5052631578947366
82,cgpa,3.618556701030928,3.961145194274028,4.237500000000001,4.1803278688524586,4.052631578947368
83,cgpa,3.977319587628866,4.042944785276073,4.095833333333333,3.9590163934426226,4.073684210526316
84,cgpa,4.3030927835051545,4.316973415132924,4.508333333333334,4.221311475409836,4.3978947368421055
85,cgpa,4.764948453608247,4.721881390593047,4.695833333333333,4.860655737704917,4.8315789473684205
86,cgpa,3.5938144329896904,3.5521472392638036,3.7708333333333335,3.926229508196721,3.7578947368421054
87,cgpa,3.391752577319588,3.69120654396728,3.654166666666667,3.901639344262295,3.7073684210526316
88,cgpa,3.152577319587629,3.4049079754601226,3.5875,3.5450819672131146,3.463157894736842
89,cgpa,3.156701030927835,3.5357873210633946,4.195833333333333,3.9139344262295084,3.749473684210526
90,cgpa,4.101030927835051,4.680981595092024,4.487500000000001,4.10655737704918,4.406315789473684
91,cgpa,3.9525773195876286,4.108384458077709,4.1875,4.360655737704918,4.212631578947368
92,cgpa,4.628865979381443,4.271983640081799,4.695833333333333,4.459016393442623,4.578947368421053
93,cgpa,4.381443298969073,4.190184049079754,4.487500000000001,4.368852459016393,4.418947368421053
94,cgpa,3.9855670103092784,4.047034764826175,4.279166666666667,4.434426229508197,4.246315789473684
95,cgpa,4.715463917525772,4.734151329243353,4.466666666666667,4.0942622950819665,4.570526315789474
96,cgpa,3.845360824742268,3.9652351738241305,4.154166666666667,4.51639344262295,4.178947368421053
97,cgpa,3.890721649484536,4.067484662576686,3.9875,4.147540983606557,4.077894736842105
98,cgpa,3.8,3.822085889570552,4.029166666666667,3.778688524590164,3.909473684210526
99,cgpa,3.3876288659793814,3.413087934560327,3.654166666666667,3.6967213114754096,3.581052631578947
100,cgpa,3.5195876288659793,3.638036809815951,3.7416666666666667,3.7663934426229506,3.71578947368421
101,cgpa,3.9525773195876286,3.957055214723926,4.216666666666667,3.954918032786885,4.073684210526316
102,cgpa,3.9525773195876286,4.640081799591002,4.070833333333333,4.434426229508197,4.338947368421053
103,cgpa,3.569072164948454,3.6175869120654394,3.625,3.9139344262295084,3.7284210526315786
104,cgpa,3.6515463917525772,3.5521472392638036,3.970833333333333,3.954918032786885,3.833684210526316
105,cgpa,3.54020618556701,4.067484662576686,4.195833333333333,4.188524590163934,4.052631578947368
106,cgpa,3.9525773195876286,4.006134969325153,4.133333333333334,4.270491803278688,4.149473684210526
107,cgpa,3.9525773195876286,4.222903885480572,4.050000000000001,4.270491803278688,4.183157894736842
108,cgpa,4.6701030927835046,4.926380368098159,4.654166666666667,4.557377049180328,4.772631578947368
109,cgpa,3.597938144329897,3.413087934560327,3.6125000000000003,3.4098360655737703,3.551578947368421
110,cgpa,4.3525773195876285,4.451942740286298,4.404166666666667,4.454918032786885,4.482105263157894
111,cgpa,3.9525773195876286,3.6421267893660527,3.854166666666667,4.184426229508196,3.96
112,cgpa,4.463917525773196,3.822085889570552,4.237500000000001,4.393442622950819,4.288421052631579
113,cgpa,4.711340206185566,4.558282208588957,4.3625,4.557377049180328,4.616842105263158
114,cgpa,4.876288659793814,4.74642126789366,4.279166666666667,4.434426229508197,4.6547368421052635
115,cgpa,4.298969072164948,4.435582822085889,4.466666666666667,4.368852459016393,4.456842105263158
116,cgpa,3.9525773195876286,3.952965235173824,4.070833333333333,4.176229508196721,4.094736842105263
117,cgpa,3.9814432989690722,4.051124744376278,4.270833333333334,4.024590163934426,4.136842105263158
118,cgpa,4.463917525773196,4.599182004089979,4.612500000000001,4.598360655737705,4.637894736842105
119,cgpa,3.391752577319588,3.413087934560327,3.4958333333333336,3.7377049180327866,3.5557894736842104
120,cgpa,4.463917525773196,4.415132924335378,4.375,4.319672131147541,4.456842105263158
121,cgpa,4.587628865979381,4.3537832310838445,4.3625,4.270491803278688,4.456842105263158
122,cgpa,3.9402061855670105,4.177914110429447,4.154166666666667,3.995901639344262,4.124210526315789
123,cgpa,4.257731958762887,4.435582822085889,4.0125,4.221311475409836,4.292631578947368
124,cgpa,3.7628865979381443,3.822085889570552,4.1125,3.6147540983606556,3.88
125,cgpa,4.628865979381443,4.149284253578731,4.229166666666666,4.188524590163934,4.359999999999999
126,cgpa,4.257731958762887,4.435582822085889,4.233333333333333,4.10655737704918,4.317894736842105
127,cgpa,3.6556701030927834,3.8139059304703475,3.9583333333333335,4.081967213114754,3.930526315789473
128,cgpa,4.6701030927835046,4.721881390593047,4.645833333333334,4.405737704918033,4.68
129,cgpa,4.711340206185566,4.640081799591002,4.645833333333334,4.47950819672131,4.688421052631579
130,cgpa,3.4329896907216497,3.6421267893660527,4.133333333333334,4.086065573770491,3.8757894736842102
131,cgpa,3.845360824742268,4.182004089979549,4.070833333333333,3.995901639344262,4.077894736842105
132,cgpa,4.463917525773196,4.558282208588957,4.029166666666667,3.926229508196721,4.305263157894737
133,cgpa,4.1340206185567006,3.5235173824130874,4.375,4.131147540983606,4.094736842105263
134,cgpa,4.546391752577319,4.680981595092024,4.320833333333333,4.598360655737705,4.604210526315789
135,cgpa,4.587628865979381,4.435582822085889,4.229166666666666,4.434426229508197,4.486315789473684
136,cgpa,5.0,4.844580777096114,4.645833333333334,4.950819672131147,4.936842105263158
137,cgpa,4.051546391752577,4.100204498977504,4.008333333333333,3.954918032786885,4.086315789473684
138,cgpa,3.6804123711340204,3.7811860940695294,3.8625000000000003,3.9836065573770494,3.88
139,cgpa,3.2268041237113403,3.331288343558282,3.029166666666667,3.4098360655737703,3.2905263157894735
140,cgpa,3.569072164948454,3.6584867075664618,3.404166666666667,3.2049180327868854,3.5010526315789474
141,cgpa,3.268041237113402,3.6993865030674846,3.2375000000000003,3.778688524590164,3.543157894736842
142,cgpa,2.855670103092783,2.96319018404908,3.029166666666667,3.4098360655737703,3.101052631578947
143,cgpa,3.6804123711340204,3.3721881390593045,3.9583333333333335,4.10655737704918,3.829473684210526
144,cgpa,4.1340206185567006,4.190184049079754,3.404166666666667,3.778688524590164,3.930526315789473
145,cgpa,4.1340206185567006,4.3537832310838445,4.070833333333333,4.0655737704918025,4.216842105263158
146,cgpa,4.587628865979381,4.599182004089979,4.404166666666667,4.504098360655737,4.59157894736842
147,cgpa,3.9814432989690722,4.026584867075664,4.195833333333333,3.9836065573770494,4.103157894736842
148,cgpa,3.845360824742268,4.558282208588957,4.275,4.434426229508197,4.338947368421053
149,cgpa,4.711340206185566,4.599182004089979,4.487500000000001,4.393442622950819,4.616842105263158
150,cgpa,3.9814432989690722,3.9284253578732105,4.070833333333333,4.10655737704918,4.077894736842105
151,cgpa,4.917525773195876,4.558282208588957,4.237500000000001,4.475409836065573,4.616842105263158
152,cgpa,3.6804123711340204,3.740286298568507,4.154166666666667,4.188524590163934,3.9936842105263155
153,cgpa,4.70721649484536,4.558282208588957,4.154166666666667,4.594262295081967,4.570526315789474
154,cgpa,4.591752577319587,4.186094069529652,4.458333333333334,4.323770491803279,4.4526315789473685
155,cgpa,4.278350515463917,4.5010224948875255,4.508333333333334,4.229508196721311,4.444210526315789
156,cgpa,3.709278350515464,3.822085889570552,4.225,3.9139344262295084,3.968421052631579
157,cgpa,4.463917525773196,4.137014314928424,4.183333333333334,4.221311475409836,4.313684210526315
158,cgpa,4.1340206185567006,4.026584867075664,4.195833333333333,4.229508196721311,4.204210526315789
159,cgpa,4.439175257731958,4.517382413087934,4.154166666666667,3.6557377049180326,4.2505263157894735
160,cgpa,3.2268041237113403,3.6175869120654394,3.779166666666667,3.819672131147541,3.656842105263158
161,cgpa,3.6391752577319587,3.740286298568507,3.8625000000000003,3.942622950819672,3.8463157894736844
162,cgpa,4.1340206185567006,4.149284253578731,4.279166666666667,4.434426229508197,4.309473684210526
163,cgpa,4.628865979381443,4.640081799591002,4.833333333333334,4.885245901639344,4.818947368421053
164,cgpa,5.0,4.885480572597136,4.904166666666667,4.6803278688524586,4.941052631578947
165,cgpa,4.175257731958762,4.042944785276073,4.237500000000001,3.9836065573770494,4.166315789473684
166,cgpa,4.2082474226804125,4.002044989775051,4.175000000000001,4.237704918032787,4.212631578947368
167,cgpa,3.618556701030928,3.6993865030674846,4.15,3.7991803278688523,3.8673684210526313
168,cgpa,3.247422680412371,3.494887525562372,3.7041666666666666,3.663934426229508,3.572631578947368
169,cgpa,3.729896907216495,3.5480572597137012,4.141666666666667,4.020491803278688,3.909473684210526
170,cgpa,4.389690721649484,3.822085889570552,4.070833333333333,4.188524590163934,4.174736842105263
171,cgpa,3.9855670103092784,4.075664621676891,4.279166666666667,4.15983606557377,4.183157894736842
172,cgpa,4.204123711340206,4.312883435582822,3.870833333333333,3.540983606557377,4.03578947368421
173,cgpa,3.894845360824742,4.378323108384457,4.2875,3.9139344262295084,4.174736842105263
174,cgpa,3.9814432989690722,4.05521472392638,4.158333333333333,4.307377049180327,4.183157894736842
175,cgpa,4.3525773195876285,4.120654396728016,4.583333333333334,4.352459016393443,4.414736842105263
176,cgpa,5.0,4.276073619631901,4.454166666666667,4.315573770491803,4.578947368421053
177,cgpa,4.381443298969073,4.464212678936605,4.208333333333334,4.2336065573770485,4.3852631578947365
178,cgpa,4.1340206185567006,3.920245398773006,3.9541666666666666,3.9303278688524586,4.04
179,cgpa,3.9567010309278348,3.8997955010224947,4.0375,3.8770491803278686,3.997894736842105
180,cgpa,4.505154639175258,4.5010224948875255,4.408333333333333,4.450819672131146,4.532631578947369
181,cgpa,4.34020618556701,4.468302658486707,4.429166666666667,4.176229508196721,4.414736842105263
182,cgpa,4.587628865979381,4.378323108384457,4.5625,4.602459016393442,4.6
183,cgpa,4.876288659793814,4.550102249488751,4.558333333333334,4.528688524590164,4.6968421052631575
184,cgpa,3.391752577319588,3.809815950920245,3.7500000000000004,3.7172131147540983,3.71578947368421
185,cgpa,3.569072164948454,3.805725971370143,4.0,3.8524590163934427,3.8589473684210525
186,cgpa,4.760824742268041,4.582822085889569,4.683333333333334,4.47950819672131,4.6968421052631575
187,cgpa,3.268041237113402,3.4867075664621674,3.35,3.331967213114754,3.4
188,cgpa,3.6639175257731957,3.6952965235173822,3.775,3.7459016393442623,3.7705263157894735
189,cgpa,4.216494845360825,4.374233128834355,4.420833333333333,4.495901639344262,4.4399999999999995
190,cgpa,5.0,4.316973415132924,4.745833333333334,4.188524590163934,4.6294736842105255
191,cgpa,4.072164948453608,4.525562372188139,4.645833333333334,4.610655737704917,4.528421052631579
192,cgpa,3.8,4.006134969325153,4.0125,3.8360655737704916,3.968421052631579
193,cgpa,3.7958762886597937,3.826175869120654,4.050000000000001,3.8688524590163933,3.9389473684210525
194,cgpa,3.160824742268041,3.801635991820041,3.854166666666667,3.3073770491803276,3.576842105263158
195,cgpa,3.6639175257731957,4.21881390593047,4.0875,4.024590163934426,4.052631578947368
196,cgpa,4.2082474226804125,4.4314928425357865,4.1375,4.418032786885246,4.359999999999999
197,cgpa,4.810309278350515,4.582822085889569,4.8375,4.471311475409836,4.743157894736841
198,cgpa,4.249484536082474,4.5746421267893655,4.445833333333334,4.1803278688524586,4.4273684210526305
199,cgpa,3.7628865979381443,3.822085889570552,3.9375,3.9631147540983602,3.9221052631578948
200,cgpa,4.175257731958762,4.288343558282208,4.441666666666666,4.405737704918033,4.389473684210525
201,cgpa,3.4948453608247423,3.184049079754601,3.6416666666666666,3.5614754098360657,3.513684210526316
202,cgpa,4.657731958762887,4.464212678936605,4.5625,4.5,4.612631578947369
203,cgpa,4.575257731958763,4.439672801635991,4.558333333333334,4.5122950819672125,4.5873684210526315
204,cgpa,4.9876288659793815,4.611451942740286,4.6625,4.799180327868852,4.83578947368421
205,cgpa,4.430927835051546,4.595092024539877,4.383333333333333,4.553278688524589,4.557894736842105
206,cgpa,3.107216494845361,3.2208588957055215,3.7,3.1844262295081966,3.3410526315789473
207,cgpa,3.977319587628866,3.871165644171779,3.8666666666666667,3.9877049180327866,3.981052631578947
208,cgpa,4.534020618556701,4.635991820040899,4.620833333333334,4.545081967213114,4.650526315789474
209,cgpa,3.268041237113402,3.265848670756646,3.266666666666667,3.2254098360655736,3.2947368421052627
210,cgpa,4.389690721649484,4.186094069529652,4.141666666666667,4.426229508196721,4.347368421052631
211,cgpa,4.822680412371134,4.999999999999999,4.8125,5.0,4.983157894736841
212,cgpa,4.195876288659793,4.206543967280163,4.270833333333334,4.1229508196721305,4.258947368421053
213,cgpa,4.797938144329897,4.6891615541922285,4.879166666666666,4.774590163934426,4.8568421052631585
214,cgpa,4.674226804123711,4.811860940695296,4.862500000000001,4.749999999999999,4.848421052631578
215,cgpa,4.187628865979382,4.157464212678936,4.270833333333334,4.102459016393443,4.2378947368421045
216,cgpa,4.002061855670103,4.153374233128834,4.083333333333334,3.8770491803278686,4.086315789473684
217,cgpa,4.014432989690722,4.067484662576686,4.279166666666667,4.204918032786885,4.199999999999999
218,cgpa,3.2721649484536086,3.2862985685071573,3.3291666666666666,3.3073770491803276,3.336842105263158
219,cgpa,4.921649484536082,4.8200408997955,4.975,4.807377049180327,4.9536842105263155
220,cgpa,3.709278350515464,3.809815950920245,3.716666666666667,3.790983606557377,3.8084210526315787
221,cgpa,4.307216494845361,4.29243353783231,4.354166666666666,4.327868852459016,4.381052631578948
222,cgpa,3.4412371134020616,3.7280163599182,3.6083333333333334,3.6721311475409832,3.661052631578947
223,cgpa,3.338144329896907,3.7566462167689156,3.970833333333333,3.122950819672131,3.5894736842105264
224,cgpa,4.117525773195876,4.124744376278119,4.170833333333333,4.114754098360655,4.191578947368421
225,cgpa,4.121649484536082,4.202453987730061,4.216666666666667,4.0942622950819665,4.216842105263158
226,cgpa,4.294845360824742,4.591002044989775,4.366666666666667,4.586065573770491,4.524210526315789
227,cgpa,4.125773195876288,4.083844580777096,4.133333333333334,4.061475409836065,4.157894736842104
228,cgpa,4.08041237113402,3.89161554192229,3.875,3.9344262295081966,3.997894736842105
229,cgpa,4.1835051546391755,4.182004089979549,4.270833333333334,4.209016393442623,4.271578947368421
230,cgpa,4.167010309278351,4.194274028629857,4.216666666666667,4.127049180327869,4.233684210526316
231,cgpa,3.2350515463917526,3.249488752556237,3.3958333333333335,3.2991803278688527,3.332631578947368
232,cgpa,2.950515463917526,3.368098159509202,3.3916666666666666,3.069672131147541,3.231578947368421
233,cgpa,4.101030927835051,4.067484662576686,4.091666666666667,4.028688524590163,4.1284210526315785
234,cgpa,4.946391752577319,4.938650306748466,4.929166666666667,4.881147540983606,5.0
235,cgpa,4.167010309278351,4.116564417177914,4.145833333333334,4.135245901639344,4.199999999999999
236,cgpa,4.307216494845361,4.394683026584866,4.183333333333334,4.413934426229507,4.389473684210525
237,cgpa,4.162886597938144,4.030674846625766,4.154166666666667,3.9877049180327866,4.1410526315789475
238,cgpa,4.624742268041237,4.586912065439672,4.491666666666667,4.491803278688525,4.616842105263158
239,cgpa,4.385567010309278,4.2433537832310835,4.320833333333333,4.577868852459016,4.444210526315789
240,cgpa,3.2886597938144333,3.6584867075664618,3.654166666666667,3.8688524590163933,3.665263157894737
241,cgpa,4.138144329896907,4.124744376278119,3.6625,4.061475409836065,4.052631578947368
242,cgpa,3.948453608247423,4.026584867075664,4.2125,3.901639344262295,4.077894736842105
243,cgpa,4.488659793814433,4.34560327198364,4.666666666666666,4.491803278688525,4.562105263157894
244,cgpa,4.039175257731959,3.8670756646216766,4.133333333333334,4.008196721311475,4.065263157894737
245,cgpa,4.946391752577319,4.194274028629857,4.8916666666666675,4.60655737704918,4.726315789473684
246,cgpa,3.2515463917525773,3.4171779141104293,3.6041666666666665,3.4508196721311473,3.4715789473684207
247,cgpa,4.068041237113402,4.141104294478527,4.116666666666667,4.069672131147541,4.157894736842104
248,cgpa,3.907216494845361,4.198364008179959,4.1,4.1229508196721305,4.1410526315789475
249,cgpa,3.948453608247423,4.0920245398773005,3.6500000000000004,3.827868852459016,3.9347368421052633
250,cgpa,3.7381443298969073,3.7198364008179956,3.5375,3.5163934426229506,3.6736842105263157
251,cgpa,4.620618556701031,4.002044989775051,4.133333333333334,3.942622950819672,4.233684210526316
252,cgpa,4.7690721649484535,3.6053169734151327,3.5208333333333335,3.790983606557377,3.9768421052631577
253,cgpa,4.047422680412371,3.482617586912065,3.2875,3.2991803278688527,3.572631578947368
254,cgpa,4.917525773195876,3.212678936605317,3.3041666666666667,3.2131147540983602,3.7073684210526316
255,cgpa,3.2804123711340205,3.6871165644171775,3.9333333333333336,3.290983606557377,3.5936842105263156
256,cgpa,4.731958762886598,4.775051124744376,4.7,4.688524590163934,4.793684210526315
257,cgpa,4.45979381443299,4.738241308793455,4.533333333333333,4.4836065573770485,4.621052631578947
258,cgpa,4.331958762886598,4.472392638036809,4.495833333333334,4.508196721311474,4.51578947368421
259,cgpa,4.802061855670103,4.5378323108384455,4.5875,4.442622950819672,4.658947368421052
260,cgpa,3.7216494845360826,4.468302658486707,4.525,4.51639344262295,4.368421052631579
261,cgpa,4.488659793814433,4.406952965235173,4.108333333333333,4.336065573770491,4.3978947368421055
262,cgpa,4.760824742268041,4.754601226993864,5.0,4.950819672131147,4.941052631578947
263,cgpa,3.350515463917526,3.7811860940695294,3.8083333333333336,3.9631147540983602,3.774736842105263
264,cgpa,4.204123711340206,4.456032719836401,4.7,4.557377049180328,4.545263157894737
265,cgpa,4.414432989690722,4.186094069529652,4.2125,4.110655737704918,4.292631578947368
266,cgpa,4.187628865979382,3.7198364008179956,3.7958333333333334,3.9098360655737703,3.9557894736842103
267,cgpa,3.6597938144329896,4.5787321063394675,4.616666666666667,4.618852459016392,4.43157894736842
268,cgpa,4.727835051546392,4.464212678936605,4.8916666666666675,4.672131147540983,4.76
269,cgpa,4.764948453608247,4.521472392638037,4.7,4.655737704918032,4.730526315789474
270,cgpa,3.9731958762886594,4.607361963190184,4.637499999999999,4.51639344262295,4.498947368421052
271,cgpa,4.748453608247422,4.034764826175868,4.5875,4.139344262295082,4.4399999999999995
272,cgpa,3.474226804123711,4.087934560327198,4.158333333333333,4.114754098360655,4.014736842105263
273,cgpa,4.373195876288659,3.609406952965235,3.5,3.4057377049180326,3.7705263157894735
274,cgpa,3.4164948453608246,4.517382413087934,4.858333333333334,4.7336065573770485,4.444210526315789
275,cgpa,3.6762886597938143,4.370143149284253,4.1125,4.188524590163934,4.145263157894737
276,cgpa,4.315463917525773,4.415132924335378,4.550000000000001,4.463114754098361,4.498947368421052
277,cgpa,4.389690721649484,4.402862985685071,4.15,4.35655737704918,4.389473684210525
278,cgpa,1.0824742268041236,1.2862985685071573,1.2791666666666668,1.319672131147541,1.2357894736842105
279,cgpa,1.4123711340206186,1.3680981595092023,1.7374999999999998,1.7704918032786885,1.5726315789473684
280,cgpa,1.4123711340206186,1.7361963190184047,1.6125,1.6885245901639343,1.614736842105263
281,cgpa,1.4536082474226804,1.9406952965235171,1.5458333333333334,2.959016393442623,1.9894736842105263
282,cgpa,1.1402061855670103,1.278118609406953,1.3166666666666667,1.8934426229508197,1.4042105263157896
283,cgpa,1.4536082474226804,1.314928425357873,1.2666666666666666,1.3565573770491803,1.3452631578947367
284,cgpa,1.2804123711340205,1.3231083844580778,1.9125,1.0,1.3747368421052633
285,cgpa,1.7381443298969073,1.7770961145194273,2.529166666666667,1.360655737704918,1.854736842105263
286,cgpa,1.865979381443299,1.871165644171779,2.1958333333333333,2.0983606557377046,2.0189473684210526
287,cgpa,1.9195876288659794,1.907975460122699,1.775,1.2704918032786885,1.7242105263157894
288,cgpa,4.175257731958762,4.190184049079754,4.154166666666667,4.434426229508197,4.301052631578948
289,cgpa,1.5030927835051546,1.5521472392638036,1.7708333333333335,1.3155737704918034,1.534736842105263
290,cgpa,3.268041237113402,3.3721881390593045,3.1958333333333337,3.4098360655737703,3.353684210526316
291,cgpa,4.249484536082474,4.149284253578731,4.070833333333333,4.221311475409836,4.233684210526316
292,cgpa,1.865979381443299,2.1451942740286296,2.5666666666666664,2.262295081967213,2.2252631578947364
293,cgpa,2.5175257731958762,2.3210633946830264,2.1500000000000004,2.954918032786885,2.5073684210526315
294,cgpa,2.7938144329896906,1.924335378323108,1.725,2.1352459016393444,2.1578947368421053
295,cgpa,1.865979381443299,2.0224948875255624,2.0708333333333337,2.4672131147540983,2.12
296,cgpa,1.8989690721649484,2.0961145194274025,2.55,2.7950819672131146,2.351578947368421
297,cgpa,1.865979381443299,2.4314928425357873,2.8208333333333333,2.959016393442623,2.541052631578947
298,cgpa,2.319587628865979,2.3210633946830264,2.854166666666667,2.5491803278688523,2.5326315789473686
299,cgpa,2.5917525773195877,2.4233128834355826,2.3083333333333336,2.331967213114754,2.4357894736842103
300,cgpa,2.5876288659793816,2.4151329243353783,2.475,2.831967213114754,2.5999999999999996
301,cgpa,1.8783505154639175,2.1247443762781186,2.1791666666666667,2.237704918032787,2.12
302,cgpa,1.9072164948453607,2.2678936605316973,2.7083333333333335,2.9918032786885247,2.4905263157894737
303,cgpa,1.041237113402062,1.2740286298568506,1.3208333333333333,1.360655737704918,1.2442105263157894
304,cgpa,2.105154639175258,2.5051124744376274,2.4208333333333334,2.9959016393442623,2.528421052631579
305,cgpa,1.1567010309278352,1.3680981595092023,1.3625,1.2704918032786885,1.2863157894736843
306,cgpa,1.8783505154639175,1.907975460122699,2.3833333333333337,2.5,2.1831578947368424
307,cgpa,2.3608247422680413,2.689161554192229,2.845833333333333,2.680327868852459,2.6673684210526316
308,cgpa,2.6,3.249488752556237,2.5708333333333333,2.9959016393442623,2.8863157894736844
309,cgpa,3.004123711340206,3.098159509202454,3.7708333333333335,3.0491803278688523,3.2652631578947364
310,cgpa,2.191752577319588,2.226993865030675,2.2416666666666667,2.594262295081967,2.3305263157894736
311,cgpa,2.5175257731958762,1.8220858895705518,2.6708333333333334,3.1311475409836067,2.5578947368421048
312,cgpa,2.5175257731958762,2.595092024539877,2.966666666666667,2.5,2.6673684210526316
313,cgpa,2.5175257731958762,2.50920245398773,2.3333333333333335,1.0,2.103157894736842
314,cgpa,2.6824742268041235,3.1349693251533743,3.5375,2.6844262295081966,3.042105263157895
315,cgpa,2.241237113402062,1.907975460122699,2.9833333333333334,3.3688524590163933,2.6505263157894734
316,cgpa,1.329896907216495,1.1635991820040898,1.0708333333333333,1.2377049180327868,1.1936842105263157
317,cgpa,1.0948453608247424,1.0081799591002045,1.3,1.1352459016393444,1.1263157894736842
318,cgpa,1.0082474226804123,1.4703476482617586,1.2708333333333333,1.4016393442622952,1.2821052631578946
319,cgpa,1.0082474226804123,1.0899795501022496,1.0791666666666666,1.0,1.0336842105263158
320,cgpa,1.0082474226804123,1.1431492842535786,1.3,1.1352459016393444,1.1389473684210527
321,cgpa,1.2804123711340205,1.1431492842535786,1.2708333333333333,1.098360655737705,1.1894736842105262
322,cgpa,1.354639175257732,1.196319018404908,1.1,1.0614754098360657,1.1726315789473685
323,cgpa,1.3505154639175259,1.1881390593047034,1.225,1.319672131147541,1.2652631578947369
324,cgpa,1.3670103092783505,1.0940695296523517,1.0,1.3114754098360657,1.1852631578947368
325,cgpa,1.284536082474227,1.278118609406953,1.1708333333333334,1.3565573770491803,1.2694736842105263
326,cgpa,1.2804123711340205,1.1431492842535786,1.2708333333333333,1.3524590163934427,1.256842105263158
327,cgpa,1.1814432989690722,1.278118609406953,1.1333333333333333,1.3524590163934427,1.2315789473684209
328,cgpa,1.288659793814433,1.0368098159509203,1.1625,1.290983606557377,1.1894736842105262
329,cgpa,1.3216494845360824,1.278118609406953,1.125,1.0819672131147542,1.1936842105263157
330,cgpa,2.703092783505155,2.7259713701431494,3.0125,2.7499999999999996,2.8273684210526318
331,cgpa,1.0,1.0,1.0291666666666666,1.0081967213114755,1.0
332,cgpa,1.0,1.0,1.0291666666666666,1.0081967213114755,1.0
333,cgpa,1.0,1.0,1.0291666666666666,1.0081967213114755,1.0
334,cgpa,1.0,1.0,1.0291666666666666,1.0081967213114755,1.0
335,cgpa,1.0,1.0,1.0291666666666666,1.0081967213114755,1.0
336,cgpa,1.0,1.0,1.0291666666666666,1.0081967213114755,1.0
337,cgpa,1.0,1.0,1.0291666666666666,1.0081967213114755,1.0
338,cgpa,1.0,1.0,1.0291666666666666,1.0081967213114755,1.0
339,cgpa,1.0,1.0,1.0291666666666666,1.0081967213114755,1.0
340,cgpa,1.0,1.0,1.0291666666666666,1.0081967213114755,1.0
341,cgpa,1.0,1.0,1.0291666666666666,1.0081967213114755,1.0
342,cgpa,1.0,1.0,1.0291666666666666,1.0081967213114755,1.0
343,cgpa,1.0,1.0,1.0291666666666666,1.0081967213114755,1.0
344,cgpa,1.0,1.0,1.0291666666666666,1.0081967213114755,1.0
345,cgpa,1.0,1.0,1.0291666666666666,1.0081967213114755,1.0
346,cgpa,1.0,1.0,1.0291666666666666,1.0081967213114755,1.0
347,cgpa,1.0,1.0,1.0291666666666666,1.0081967213114755,1.0
348,cgpa,1.0,1.0,1.0291666666666666,1.0081967213114755,1.0
349,cgpa,1.0,1.0,1.0291666666666666,1.0081967213114755,1.0
350,cgpa,1.0,1.0,1.0291666666666666,1.0081967213114755,1.0
351,cgpa,1.0,1.0,1.0291666666666666,1.0081967213114755,1.0
352,cgpa,1.0,1.0,1.0291666666666666,1.0081967213114755,1.0
353,cgpa,1.0,1.0,1.0291666666666666,1.0081967213114755,1.0
354,cgpa,1.0,1.0,1.0291666666666666,1.0081967213114755,1.0
355,cgpa,1.0,1.0,1.0291666666666666,1.0081967213114755,1.0
356,cgpa,1.0,1.0,1.0291666666666666,1.0081967213114755,1.0
357,cgpa,1.0,1.0,1.0291666666666666,1.0081967213114755,1.0
358,cgpa,1.0,1.0,1.0291666666666666,1.0081967213114755,1.0
359,cgpa,1.0,1.0,1.0291666666666666,1.0081967213114755,1.0
360,cgpa,1.0,1.0,1.0291666666666666,1.0081967213114755,1.0
361,cgpa,1.0,1.0,1.0291666666666666,1.0081967213114755,1.0
362,cgpa,1.0,1.0,1.0291666666666666,1.0081967213114755,1.0
363,cgpa,1.0,1.0,1.0291666666666666,1.0081967213114755,1.0
364,cgpa,1.0,1.0,1.0291666666666666,1.0081967213114755,1.0
365,cgpa,1.0,1.0,1.0291666666666666,1.0081967213114755,1.0
366,cgpa,1.0,1.0,1.0291666666666666,1.0081967213114755,1.0
367,cgpa,1.0,1.0,1.0291666666666666,1.0081967213114755,1.0
368,cgpa,1.0,1.0,1.0291666666666666,1.0081967213114755,1.0
369,cgpa,1.0,1.0,1.0291666666666666,1.0081967213114755,1.0
370,cgpa,1.0,1.0,1.0291666666666666,1.0081967213114755,1.0
371,cgpa,1.0,1.0,1.0291666666666666,1.0081967213114755,1.0
372,cgpa,1.0,1.0,1.0291666666666666,1.0081967213114755,1.0
373,cgpa,1.0,1.0,1.0291666666666666,1.0081967213114755,1.0
374,cgpa,1.0,1.0,1.0291666666666666,1.0081967213114755,1.0
375,cgpa,1.0,1.0,1.0291666666666666,1.0081967213114755,1.0
376,cgpa,1.0,1.0,1.0291666666666666,1.0081967213114755,1.0
377,cgpa,1.0,1.0,1.0291666666666666,1.0081967213114755,1.0
378,cgpa,1.0,1.0,1.0291666666666666,1.0081967213114755,1.0
379,cgpa,1.0,1.0,1.0291666666666666,1.0081967213114755,1.0
